id,name,type_1,type_2,Total,hp,atk,def,spa,spd,spe,generation,legendary,total,hp_n,atk_n,def_n,spa_n,spd_n,spe_n,total_n,balance_n,score_sweeper,score_tank,score_lead,support_prop,score_support,role,score_adj
6,Charizard,Fire,Flying,534,78,84,78,109,85,100,1,False,534,0.3031496062980191,0.4270270270247188,0.32444444444300247,0.5380434782579454,0.3095238095223356,0.5428571428540409,0.5899999999990166,0.8878480548603009,0.5451645962704907,0.3128337707772741,0.5489658385065682,0.5031910992094528,0.5031910992094528,lead,
251,Celebi,Psychic,Grass,600,100,100,100,100,100,100,2,False,600,0.3897637795260246,0.5135135135107378,0.4222222222203457,0.4891304347799504,0.38095238095056694,0.5428571428540409,0.6999999999988333,0.9999999999903115,0.5438996138968686,0.3980402449676268,0.5605598455570991,0.5764864189243744,0.5764864189243744,support,21.076486418924375
208,SteelixMega Steelix,Steel,Ground,610,75,125,230,55,95,30,2,False,610,0.29133858267601837,0.6486486486451425,0.9999999999955556,0.2445652173899752,0.35714285714115646,0.14285714285632653,0.7166666666654722,0.3735716406387681,0.45313384813164903,0.5624015748006547,0.33008687258546154,0.4510055481062714,0.4510055481062714,tank,20.562401574800656
94,GengarMega Gengar,Ghost,Poison,600,60,65,80,170,95,130,1,False,600,0.23228346456601465,0.32432432432257124,0.3333333333318519,0.8695652173865785,0.35714285714115646,0.7142857142816327,0.6999999999988333,0.6237269831279681,0.7904968944058257,0.3113517060353573,0.743198757760202,0.39192704256580063,0.39192704256580063,sweeper,20.790496894405827
428,LopunnyMega Lopunny,Normal,Fighting,580,65,136,94,54,96,135,4,False,580,0.2519685039360159,0.7081081081042805,0.39555555555379757,0.23913043478130908,0.36190476190303855,0.7428571428528981,0.6666666666655555,0.6975471286377627,0.717863577859855,0.3407016622906974,0.7244787644750732,0.4369649227298313,0.4369649227298313,lead,20.724478764475073
646,KyuremBlack Kyurem,Dragon,Ice,700,125,170,100,120,90,95,5,True,700,0.48818897637603076,0.8918918918870709,0.4222222222203457,0.5978260869532728,0.33333333333174603,0.5142857142827756,0.8666666666652222,0.738132841975754,0.7383268983231679,0.41090113735604133,0.6426640926610017,0.44183570984325066,0.44183570984325066,sweeper,4.066666666665222
